INSERT INTO ESPORTE (NOME, DESCRICAO) VALUES ('Futebol', 'O futebol é o esporte coletivo mais praticado do mundo. É disputado por duas equipes, de 11 jogadores que têm como objetivo colocar a bola entre as traves adversárias o maior número de vezes sem usar mãos e braços.');
INSERT INTO ESPORTE (NOME, DESCRICAO) VALUES ('Basquetebol', 'O jogo é disputado por duas equipes de cinco jogadores que tem por objetivo passar a bola por dentro do cesto disposto nas extremidades do campo. Os cestos ficam a uma altura de três metros e cinco centímetros. Os jogadores batem a bola contra o chão caminhando dentro do campo, podendo repassá-la a um jogador da equipe. '); 


INSERT INTO CAMPEONATO (NOME, ANO, ORGANIZADOR) VALUES ('Copa do Mundo', '2022', 'Fifa');
INSERT INTO CAMPEONATO (NOME, ANO, ORGANIZADOR) VALUES ('Mundial de Clubes', '2021', 'Fifa');
INSERT INTO CAMPEONATO (NOME, ANO, ORGANIZADOR) VALUES ('Playoffs NBA', '2021', 'NBA');


INSERT INTO USUARIO (NICKNAME, EMAIL, NOME, CPF, SENHA) VALUES ('LeoF', 'leo@hotmail.com', 'Leonardo', '10236958966', '123456789');
INSERT INTO USUARIO (NICKNAME, EMAIL, NOME, CPF, SENHA) VALUES ('Cleiton', 'cleiton@hotmail.com', 'Cleiton', '10236958967', '123456789');
INSERT INTO USUARIO (NICKNAME, EMAIL, NOME, CPF, SENHA) VALUES ('vrusso','v@rmail.com', 'Victor Russo', '10236958666', 'senha123');


INSERT INTO CLUBE (idClube, cadastroEmpresarial, pais, uf, nomeDoClube, cor1, cor2,	cor3) VALUES (seq_id_clube.NEXTVAL, '00000000000', 'Brasil', 'SP', 'São Paulo', 'Vermelho', 'Preto', 'Branco' );
INSERT INTO CLUBE (idClube, cadastroEmpresarial, pais, nomeDoClube, cor1, cor2, cor3) VALUES (seq_id_clube.nextval, '00000000001', 'Inglaterra', 'Liverpool', 'Vermelho', 'Branco', 'Verde');
INSERT INTO CLUBE (idClube, cadastroEmpresarial, pais, nomeDoClube, cor1, cor2) VALUES (seq_id_clube.nextval, '00000000002', 'Alemanha', 'Bayern', 'Vermelho', 'Branco');
INSERT INTO CLUBE (idClube, cadastroEmpresarial, pais, nomeDoClube, cor1, cor2,cor3) VALUES (seq_id_clube.nextval, '00000000003', 'EUA', 'Suns', 'Laranja', 'Preto','Branco');
INSERT INTO CLUBE (idClube, cadastroEmpresarial, pais, nomeDoClube, cor1, cor2) VALUES (seq_id_clube.nextval, '00000000004', 'EUA', 'Bucks','Verde','Branco');
INSERT INTO CLUBE (idClube, cadastroEmpresarial, pais, nomeDoClube, cor1, cor2,cor3) VALUES (seq_id_clube.nextval, '00000000005', 'EUA', 'Lakers','Roxo','Amarelo','Branco');



INSERT INTO ROTEIROVIAGEM (AUTOR, NOME_ROTEIRO, DESCRICAO) VALUES ('LeoF', 'Roteiro 1', 'Roteiro legal');
INSERT INTO ROTEIROVIAGEM (AUTOR, NOME_ROTEIRO, DESCRICAO) VALUES ('LeoF', 'Roteiro 2', 'Roteiro chato');

INSERT INTO HOSPEDAGEM (NOME, CODIGOPOSTAL, PRECO, UF, CIDADE, LOGRADOURO, NUMERO, PAIS) VALUES ('Gate Hotel', '97301', '500.00', 'OR', 'Salem', 'Gateway Road', '1472', 'Estados Unidos');
INSERT INTO HOSPEDAGEM (NOME, CODIGOPOSTAL, PRECO, CIDADE, LOGRADOURO, NUMERO, PAIS) VALUES ('Faulkner Resort', 'DL11 3XR', '1000.00', 'Langthwaite', 'Roker Terrace', '75', 'Inglaterra');

INSERT INTO TRANSPORTE (NOMEDAEMPRESA, CODIGOPOSTALORIGEM, CODIGOPOSTALDESTINO, PRECO, ORIGEMUF, ORIGEMCIDADE, ORIGEMLOGRADOURO, ORIGEMNUMERO, ORIGEMPAIS, DESTINOCIDADE, DESTINOLOGRADOURO, DESTINONUMERO, DESTINOPAIS) VALUES ('American Airlines', '97301', 'DL11 3XR', '99.99', 'OR', 'Salem', 'Gateway Road', '1472', 'Estados Unidos', 'Langthwaite', 'Roker Terrace', '75', 'Inglaterra');
INSERT INTO TRANSPORTE (NOMEDAEMPRESA, CODIGOPOSTALORIGEM, CODIGOPOSTALDESTINO, PRECO, ORIGEMUF, ORIGEMCIDADE, ORIGEMLOGRADOURO, ORIGEMNUMERO, ORIGEMPAIS, DESTINOCIDADE, DESTINOLOGRADOURO, DESTINONUMERO, DESTINOPAIS) VALUES ('American Airlines', '2113', 'DL11 3XR', '99.99', 'NS', 'Macquarie Centre', 'Cecil Street', '135', 'Australia', 'Langthwaite', 'Roker Terrace', '75', 'Inglaterra');

INSERT INTO TIME (IDTIME, NOMEFANTASIA, CATEGORIA, IDCLUBE, NOMEESPORTE) VALUES (seq_id_time.nextval, 'São Paulo FC', 'Profissional', '1', 'Futebol');
INSERT INTO TIME (IDTIME, NOMEFANTASIA, CATEGORIA, IDCLUBE, NOMEESPORTE) VALUES (seq_id_time.nextval, 'Liverpool FC', 'Profissional', '2', 'Futebol');
INSERT INTO TIME (IDTIME, NOMEFANTASIA, CATEGORIA, IDCLUBE, NOMEESPORTE) VALUES (seq_id_time.nextval, 'Basquetebol do São Paulo ', 'Profissional', '1', 'Basquetebol');
INSERT INTO TIME (IDTIME, NOMEFANTASIA, CATEGORIA, IDCLUBE, NOMEESPORTE) VALUES (seq_id_time.nextval, 'Phoenix Suns', 'Profissional', '4', 'Basquetebol');
INSERT INTO TIME (IDTIME, NOMEFANTASIA, CATEGORIA, IDCLUBE, NOMEESPORTE) VALUES (seq_id_time.nextval, 'Milwaukee Bucks', 'Profissional', '5', 'Basquetebol');
INSERT INTO TIME (IDTIME, NOMEFANTASIA, CATEGORIA, IDCLUBE, NOMEESPORTE) VALUES (seq_id_time.nextval, 'Los Angeles Lakers', 'Profissional','6' , 'Basquetebol');


INSERT INTO PARTIDA (CODIGOPARTIDA, JUIZ, DATA, PRECO, CIDADE, LOGRADOURO, NUMERO, PAIS, NOMECAMPEONATO, ANOCAMPEONATO) VALUES ('1', 'Marcelo Luiz', TO_DATE('2021-12-21', 'YYYY-MM-DD'), '60.00', 'Londres', 'Royal RTE', '200', 'Inglaterra', 'Mundial de Clubes','2021');
INSERT INTO PARTIDA (CODIGOPARTIDA, JUIZ, DATA, PRECO, CIDADE, LOGRADOURO, NUMERO, PAIS, NOMECAMPEONATO, ANOCAMPEONATO) VALUES ('2', 'Will Smith', TO_DATE('2021-12-28', 'YYYY-MM-DD'), '60.00', 'Londres', 'Royal RTE', '200', 'Inglaterra', 'Mundial de Clubes','2021');
INSERT INTO PARTIDA (CODIGOPARTIDA, JUIZ, DATA, PRECO, CIDADE, LOGRADOURO, NUMERO, PAIS) VALUES ('3', 'Adam Sandler', TO_DATE('2021-12-25', 'YYYY-MM-DD'), '30.00', 'Orlando', 'Spirit Drive', '2500', 'EUA');
INSERT INTO PARTIDA (CODIGOPARTIDA, JUIZ, DATA, PRECO, CIDADE, LOGRADOURO, UF ,NUMERO, PAIS) VALUES ('4', 'Tony Ramos', TO_DATE('2018-05-03', 'YYYY-MM-DD'), '70.00', 'Phoenix', 'Parkway Drive','AZ' ,'1176', 'EUA');
INSERT INTO PARTIDA (CODIGOPARTIDA, JUIZ, DATA, PRECO, CIDADE, LOGRADOURO, UF ,NUMERO, PAIS, NOMECAMPEONATO, ANOCAMPEONATO) VALUES ('5', 'Antonio Fagundes', TO_DATE('2018-06-03', 'YYYY-MM-DD'), '70.00', 'Phoenix', 'Parkway Drive','AZ' ,'1176', 'EUA','Playoffs NBA','2021');
INSERT INTO PARTIDA (CODIGOPARTIDA, JUIZ, DATA, PRECO, CIDADE, LOGRADOURO, UF ,NUMERO, PAIS, NOMECAMPEONATO, ANOCAMPEONATO) VALUES ('6', 'Luciano Huck', TO_DATE('2018-06-07', 'YYYY-MM-DD'), '90.00', 'Milwaukee', 'Ocello Street','WI' ,'3428', 'EUA','Playoffs NBA','2021');
INSERT INTO PARTIDA (CODIGOPARTIDA, JUIZ, DATA, PRECO, CIDADE, LOGRADOURO, UF ,NUMERO, PAIS, NOMECAMPEONATO, ANOCAMPEONATO) VALUES ('7', 'Galvao Bueno', TO_DATE('2018-05-29', 'YYYY-MM-DD'), '100.00', 'Milwaukee', 'Ocello Street','WI' ,'3428', 'EUA','Playoffs NBA','2021');

INSERT INTO PARTIDATIME (PARTIDA, IDTIME) VALUES ('1', '1');
INSERT INTO PARTIDATIME (PARTIDA, IDTIME) VALUES ('1', '2');
INSERT INTO PARTIDATIME (PARTIDA, IDTIME) VALUES ('2', '1');
INSERT INTO PARTIDATIME (PARTIDA, IDTIME) VALUES ('2', '2');
INSERT INTO PARTIDATIME (PARTIDA, IDTIME) VALUES ('3','1');
INSERT INTO PARTIDATIME (PARTIDA, IDTIME) VALUES ('3','2');
INSERT INTO PARTIDATIME (PARTIDA, IDTIME) VALUES ('4','4');
INSERT INTO PARTIDATIME (PARTIDA, IDTIME) VALUES ('4','5');

INSERT INTO PARTIDATIME (PARTIDA, IDTIME) VALUES ('5','4');
INSERT INTO PARTIDATIME (PARTIDA, IDTIME) VALUES ('5','5');

INSERT INTO PARTIDATIME (PARTIDA, IDTIME) VALUES ('6','4');
INSERT INTO PARTIDATIME (PARTIDA, IDTIME) VALUES ('6','5');

INSERT INTO PARTIDATIME (PARTIDA, IDTIME) VALUES ('7','5');
INSERT INTO PARTIDATIME (PARTIDA, IDTIME) VALUES ('7','6');


INSERT INTO PONTOTURISTICO (NOME, CODIGOPOSTAL, TIPO, PRECO, DESCRICAO, CIDADE, LOGRADOURO, NUMERO, PAIS, NOMEESPORTERELACIONADO) VALUES ('Estadio de Wembley', 'HA9 0WS', 'ESPORTE', '50', 'Um dos estadios mais famosos do mundo',  'Londres', 'South Way', '200', 'Inglaterra', 'Futebol');
INSERT INTO PONTOTURISTICO (NOME, CODIGOPOSTAL, TIPO, PRECO, DESCRICAO, CIDADE, LOGRADOURO, NUMERO, PAIS, IDCLUBE) VALUES ('Allianz Arena', '80939', 'CLUBE', '70', 'Um dos estadios mais bonitos do mundo',  'Munique', 'Werner-Heisenberg-Allee', '25', 'Alemanha', '3');
INSERT INTO PONTOTURISTICO (NOME, CODIGOPOSTAL, TIPO, PRECO, DESCRICAO, CIDADE, LOGRADOURO, NUMERO, PAIS, NOMEESPORTERELACIONADO,bairro) VALUES ('Rucker Park', '10039', 'ESPORTE', '30', 'Quadra de rua lendária para o basquete nos EUA, onde jogaram nomes como Kobe e Durant',  'Nova Iorque', 'Harlem River Drive', '2', 'EUA', 'Basquetebol','Harlem');

INSERT INTO TREINADORESTIME (CPF, NOME, IDTIME) VALUES ('36589765632', 'Hernan Crespo', '1');
INSERT INTO TREINADORESTIME (CPF, NOME, IDTIME) VALUES ('45585565625', 'Jurgen Klopp', '2');

INSERT INTO ATLETATIME (CPF, NOME, IDTIME, NASCIMENTO, ALTURA, PESO) VALUES ('58796585635', 'Daniel Alves', '1', TO_DATE('1983-05-06', 'YYYY-MM-DD'), '1.72', '70.0');
INSERT INTO ATLETATIME (CPF, NOME, IDTIME, NASCIMENTO, ALTURA, PESO) VALUES ('43786587775', 'Roberto Firmino', '2', TO_DATE('1991-10-02', 'YYYY-MM-DD'), '1.81', '76.0');
INSERT INTO ATLETATIME (CPF, NOME, IDTIME, NASCIMENTO, ALTURA, PESO) VALUES ('58796585637', 'Georginho de Paula', '3', TO_DATE('1996-05-24', 'YYYY-MM-DD'), '1.97', '96.0');
INSERT INTO ATLETATIME (CPF, NOME, IDTIME, NASCIMENTO, ALTURA, PESO) VALUES ('58796585633', 'Tiago Volpi', '1', TO_DATE('1990-12-19', 'YYYY-MM-DD'), '1.88', '85.0');

INSERT INTO USUARIOACOMPANHAESPORTE (USUARIO, ESPORTE) VALUES ('LeoF', 'Futebol');
INSERT INTO USUARIOACOMPANHAESPORTE (USUARIO, ESPORTE) VALUES ('LeoF', 'Basquetebol');
INSERT INTO USUARIOACOMPANHAESPORTE (USUARIO, ESPORTE) VALUES ('Cleiton', 'Futebol');

INSERT INTO USUARIOTORCE (USUARIO, IDTIME) VALUES ('LeoF', '1');
INSERT INTO USUARIOTORCE (USUARIO, IDTIME) VALUES ('Cleiton', '2');

INSERT INTO ROTEIROPONTOTURISTICO (AUTORROTEIRO, NOMEROTEIRO, NOMEPONTO, CODIGOPOSTALPONTO, QTDINGRESSOS) VALUES ('LeoF', 'Roteiro 1', 'Allianz Arena', '80939', '1');
INSERT INTO ROTEIROPONTOTURISTICO (AUTORROTEIRO, NOMEROTEIRO, NOMEPONTO, CODIGOPOSTALPONTO, QTDINGRESSOS) VALUES ('LeoF', 'Roteiro 1', 'Estadio de Wembley', 'HA9 0WS', '2');



INSERT INTO ROTEIROTRANSPORTE (AUTORROTEIRO, NOMEROTEIRO, NOMEEMPRESATRANSPORTE, CODIGOPOSTALORIGEM, CODIGOPOSTALDESTINO, QTDINGRESSOS) VALUES ('LeoF', 'Roteiro 1', 'American Airlines', '97301', 'DL11 3XR', '1');
INSERT INTO ROTEIROTRANSPORTE (AUTORROTEIRO, NOMEROTEIRO, NOMEEMPRESATRANSPORTE, CODIGOPOSTALORIGEM, CODIGOPOSTALDESTINO, QTDINGRESSOS) VALUES ('LeoF', 'Roteiro 2', 'American Airlines', '97301', 'DL11 3XR', '1');

INSERT INTO ROTEIROPARTIDA (AUTORROTEIRO, NOMEROTEIRO, PARTIDA, QTDINGRESSOS) VALUES ('LeoF', 'Roteiro 1', '1', '1');
INSERT INTO ROTEIROPARTIDA (AUTORROTEIRO, NOMEROTEIRO, PARTIDA, QTDINGRESSOS) VALUES ('LeoF', 'Roteiro 1', '2', '3');
INSERT INTO ROTEIROPARTIDA (AUTORROTEIRO, NOMEROTEIRO, PARTIDA, QTDINGRESSOS) VALUES ('LeoF', 'Roteiro 1', '5', '3');

INSERT INTO ROTEIROPARTIDA (AUTORROTEIRO, NOMEROTEIRO, PARTIDA, QTDINGRESSOS) VALUES ('LeoF', 'Roteiro 2', '5', '1');
INSERT INTO ROTEIROPARTIDA (AUTORROTEIRO, NOMEROTEIRO, PARTIDA, QTDINGRESSOS) VALUES ('LeoF', 'Roteiro 2', '6', '1');

INSERT INTO ROTEIROHOSPEDAGEM (AUTORROTEIRO, NOMEROTEIRO, NOMEHOSPEDAGEM, CODIGOPOSTAL, QTDINGRESSOS) VALUES ('LeoF', 'Roteiro 1', 'Gate Hotel', '97301', '1');
INSERT INTO ROTEIROHOSPEDAGEM (AUTORROTEIRO, NOMEROTEIRO, NOMEHOSPEDAGEM, CODIGOPOSTAL, QTDINGRESSOS) VALUES ('LeoF', 'Roteiro 2', 'Gate Hotel', '97301', '1');

COMMIT;