INSERT INTO ESPORTE (NOME, DESCRICAO) VALUES ('Futebol', 'O futebol é o esporte coletivo mais praticado do mundo. É disputado por duas equipes, de 11 jogadores que têm como objetivo colocar a bola entre as traves adversárias o maior número de vezes sem usar mãos e braços.');
INSERT INTO ESPORTE (NOME, DESCRICAO) VALUES ('Basquetebol', 'O jogo é disputado por duas equipes de cinco jogadores que tem por objetivo passar a bola por dentro do cesto disposto nas extremidades do campo. Os cestos ficam a uma altura de três metros e cinco centímetros. Os jogadores batem a bola contra o chão caminhando dentro do campo, podendo repassá-la a um jogador da equipe. '); 


INSERT INTO CAMPEONATO (NOME, ANO, ORGANIZADOR) VALUES ('Copa do Mundo', '2022', 'Fifa');
INSERT INTO CAMPEONATO (NOME, ANO, ORGANIZADOR) VALUES ('Mundial de Clubes', '2021', 'Fifa');
INSERT INTO CAMPEONATO (NOME, ANO, ORGANIZADOR) VALUES ('Playoffs NBA', '2021', 'NBA');


INSERT INTO USUARIO (NICKNAME, EMAIL, NOME, CPF, SENHA) VALUES ('LeoF', 'leo@hotmail.com', 'Leonardo', '10236958966', '123456789');
INSERT INTO USUARIO (NICKNAME, EMAIL, NOME, CPF, SENHA) VALUES ('Cleiton', 'cleiton@hotmail.com', 'Cleiton', '10236958967', '123456789');
INSERT INTO USUARIO (NICKNAME, EMAIL, NOME, CPF, SENHA) VALUES ('vrusso','v@rmail.com', 'Victor Russo', '10236958666', 'senha123');


INSERT INTO CLUBE (ID_CLUBE, CADASTRO_EMPRESARIAL, PAIS, UF, NOME_DO_CLUBE, COR1, COR2,	COR3) VALUES (SEQ_ID_CLUBE.NEXTVAL, '00000000000', 'Brasil', 'SP', 'São Paulo', 'Vermelho', 'Preto', 'Branco' );
INSERT INTO CLUBE (ID_CLUBE, CADASTRO_EMPRESARIAL, PAIS, NOME_DO_CLUBE, COR1, COR2, COR3) VALUES (SEQ_ID_CLUBE.NEXTVAL, '00000000001', 'Inglaterra', 'Liverpool', 'Vermelho', 'Branco', 'Verde');
INSERT INTO CLUBE (ID_CLUBE, CADASTRO_EMPRESARIAL, PAIS, NOME_DO_CLUBE, COR1, COR2) VALUES (SEQ_ID_CLUBE.NEXTVAL, '00000000002', 'Alemanha', 'Bayern', 'Vermelho', 'Branco');
INSERT INTO CLUBE (ID_CLUBE, CADASTRO_EMPRESARIAL, PAIS, NOME_DO_CLUBE, COR1, COR2,COR3) VALUES (SEQ_ID_CLUBE.NEXTVAL, '00000000003', 'EUA', 'Suns', 'Laranja', 'Preto','Branco');
INSERT INTO CLUBE (ID_CLUBE, CADASTRO_EMPRESARIAL, PAIS, NOME_DO_CLUBE, COR1, COR2) VALUES (SEQ_ID_CLUBE.NEXTVAL, '00000000004', 'EUA', 'Bucks','Verde','Branco');
INSERT INTO CLUBE (ID_CLUBE, CADASTRO_EMPRESARIAL, PAIS, NOME_DO_CLUBE, COR1, COR2,COR3) VALUES (SEQ_ID_CLUBE.NEXTVAL, '00000000005', 'EUA', 'Lakers','Roxo','Amarelo','Branco');



INSERT INTO ROTEIRO_VIAGEM (AUTOR, NOME_ROTEIRO, DESCRICAO) VALUES ('LeoF', 'Roteiro 1', 'Roteiro legal');
INSERT INTO ROTEIRO_VIAGEM (AUTOR, NOME_ROTEIRO, DESCRICAO) VALUES ('LeoF', 'Roteiro 2', 'Roteiro chato');

INSERT INTO HOSPEDAGEM (NOME, CODIGO_POSTAL, PRECO, UF, CIDADE, LOGRADOURO, NUMERO, PAIS) VALUES ('Gate Hotel', '97301', '500.00', 'OR', 'Salem', 'Gateway Road', '1472', 'Estados Unidos');
INSERT INTO HOSPEDAGEM (NOME, CODIGO_POSTAL, PRECO, CIDADE, LOGRADOURO, NUMERO, PAIS) VALUES ('Faulkner Resort', 'DL11 3_X_R', '1000.00', 'Langthwaite', 'Roker Terrace', '75', 'Inglaterra');

INSERT INTO TRANSPORTE (NOME_DA_EMPRESA, CODIGO_POSTALORIGEM, CODIGO_POSTALDESTINO, PRECO, ORIGEM_UF, ORIGEM_CIDADE, ORIGEM_LOGRADOURO, ORIGEM_NUMERO, ORIGEM_PAIS, DESTINO_CIDADE, DESTINO_LOGRADOURO, DESTINO_NUMERO, DESTINO_PAIS) VALUES ('American Airlines', '97301', 'DL11 3_X_R', '99.99', 'OR', 'Salem', 'Gateway Road', '1472', 'Estados Unidos', 'Langthwaite', 'Roker Terrace', '75', 'Inglaterra');
INSERT INTO TRANSPORTE (NOME_DA_EMPRESA, CODIGO_POSTALORIGEM, CODIGO_POSTALDESTINO, PRECO, ORIGEM_UF, ORIGEM_CIDADE, ORIGEM_LOGRADOURO, ORIGEM_NUMERO, ORIGEM_PAIS, DESTINO_CIDADE, DESTINO_LOGRADOURO, DESTINO_NUMERO, DESTINO_PAIS) VALUES ('American Airlines', '2113', 'DL11 3_X_R', '99.99', 'NS', 'Macquarie Centre', 'Cecil Street', '135', 'Australia', 'Langthwaite', 'Roker Terrace', '75', 'Inglaterra');

INSERT INTO TIME (ID_TIME, NOME_FANTASIA, CATEGORIA, ID_CLUBE, NOME_ESPORTE) VALUES (SEQ_ID_TIME.NEXTVAL, 'São Paulo FC', 'Profissional', '1', 'Futebol');
INSERT INTO TIME (ID_TIME, NOME_FANTASIA, CATEGORIA, ID_CLUBE, NOME_ESPORTE) VALUES (SEQ_ID_TIME.NEXTVAL, 'Liverpool FC', 'Profissional', '2', 'Futebol');
INSERT INTO TIME (ID_TIME, NOME_FANTASIA, CATEGORIA, ID_CLUBE, NOME_ESPORTE) VALUES (SEQ_ID_TIME.NEXTVAL, 'Basquetebol do São Paulo', 'Profissional', '1', 'Basquetebol');
INSERT INTO TIME (ID_TIME, NOME_FANTASIA, CATEGORIA, ID_CLUBE, NOME_ESPORTE) VALUES (SEQ_ID_TIME.NEXTVAL, 'Phoenix Suns', 'Profissional', '4', 'Basquetebol');
INSERT INTO TIME (ID_TIME, NOME_FANTASIA, CATEGORIA, ID_CLUBE, NOME_ESPORTE) VALUES (SEQ_ID_TIME.NEXTVAL, 'Milwaukee Bucks', 'Profissional', '5', 'Basquetebol');
INSERT INTO TIME (ID_TIME, NOME_FANTASIA, CATEGORIA, ID_CLUBE, NOME_ESPORTE) VALUES (SEQ_ID_TIME.NEXTVAL, 'Los Angeles Lakers', 'Profissional','6' , 'Basquetebol');


INSERT INTO PARTIDA (CODIGO_PARTIDA, JUIZ, DATA, PRECO, CIDADE, LOGRADOURO, NUMERO, PAIS, NOME_CAMPEONATO, ANO_CAMPEONATO) VALUES ('1', 'Marcelo Luiz', TO_DATE('2021-12-21', 'YYYY-MM-DD'), '60.00', 'Londres', 'Royal RTE', '200', 'Inglaterra', 'Mundial de Clubes','2021');
INSERT INTO PARTIDA (CODIGO_PARTIDA, JUIZ, DATA, PRECO, CIDADE, LOGRADOURO, NUMERO, PAIS, NOME_CAMPEONATO, ANO_CAMPEONATO) VALUES ('2', 'Will Smith', TO_DATE('2021-12-28', 'YYYY-MM-DD'), '60.00', 'Londres', 'Royal RTE', '200', 'Inglaterra', 'Mundial de Clubes','2021');
INSERT INTO PARTIDA (CODIGO_PARTIDA, JUIZ, DATA, PRECO, CIDADE, LOGRADOURO, NUMERO, PAIS) VALUES ('3', 'Adam Sandler', TO_DATE('2021-12-25', 'YYYY-MM-DD'), '30.00', 'Orlando', 'Spirit Drive', '2500', 'EUA');
INSERT INTO PARTIDA (CODIGO_PARTIDA, JUIZ, DATA, PRECO, CIDADE, LOGRADOURO, UF ,NUMERO, PAIS) VALUES ('4', 'Tony Ramos', TO_DATE('2018-05-03', 'YYYY-MM-DD'), '70.00', 'Phoenix', 'Parkway Drive','AZ' ,'1176', 'EUA');
INSERT INTO PARTIDA (CODIGO_PARTIDA, JUIZ, DATA, PRECO, CIDADE, LOGRADOURO, UF ,NUMERO, PAIS, NOME_CAMPEONATO, ANO_CAMPEONATO) VALUES ('5', 'Antonio Fagundes', TO_DATE('2018-06-03', 'YYYY-MM-DD'), '70.00', 'Phoenix', 'Parkway Drive','AZ' ,'1176', 'EUA','Playoffs NBA','2021');
INSERT INTO PARTIDA (CODIGO_PARTIDA, JUIZ, DATA, PRECO, CIDADE, LOGRADOURO, UF ,NUMERO, PAIS, NOME_CAMPEONATO, ANO_CAMPEONATO) VALUES ('6', 'Luciano Huck', TO_DATE('2018-06-07', 'YYYY-MM-DD'), '90.00', 'Milwaukee', 'Ocello Street','WI' ,'3428', 'EUA','Playoffs NBA','2021');
INSERT INTO PARTIDA (CODIGO_PARTIDA, JUIZ, DATA, PRECO, CIDADE, LOGRADOURO, UF ,NUMERO, PAIS, NOME_CAMPEONATO, ANO_CAMPEONATO) VALUES ('7', 'Galvao Bueno', TO_DATE('2018-05-29', 'YYYY-MM-DD'), '100.00', 'Milwaukee', 'Ocello Street','WI' ,'3428', 'EUA','Playoffs NBA','2021');

INSERT INTO PARTIDA_TIME (PARTIDA, ID_TIME) VALUES ('1', '1');
INSERT INTO PARTIDA_TIME (PARTIDA, ID_TIME) VALUES ('1', '2');
INSERT INTO PARTIDA_TIME (PARTIDA, ID_TIME) VALUES ('2', '1');
INSERT INTO PARTIDA_TIME (PARTIDA, ID_TIME) VALUES ('2', '2');
INSERT INTO PARTIDA_TIME (PARTIDA, ID_TIME) VALUES ('3','1');
INSERT INTO PARTIDA_TIME (PARTIDA, ID_TIME) VALUES ('3','2');
INSERT INTO PARTIDA_TIME (PARTIDA, ID_TIME) VALUES ('4','4');
INSERT INTO PARTIDA_TIME (PARTIDA, ID_TIME) VALUES ('4','5');

INSERT INTO PARTIDA_TIME (PARTIDA, ID_TIME) VALUES ('5','4');
INSERT INTO PARTIDA_TIME (PARTIDA, ID_TIME) VALUES ('5','5');

INSERT INTO PARTIDA_TIME (PARTIDA, ID_TIME) VALUES ('6','4');
INSERT INTO PARTIDA_TIME (PARTIDA, ID_TIME) VALUES ('6','5');

INSERT INTO PARTIDA_TIME (PARTIDA, ID_TIME) VALUES ('7','5');
INSERT INTO PARTIDA_TIME (PARTIDA, ID_TIME) VALUES ('7','6');


INSERT INTO PONTO_TURISTICO (NOME, CODIGO_POSTAL, TIPO, PRECO, DESCRICAO, CIDADE, LOGRADOURO, NUMERO, PAIS, NOME_ESPORTERELACIONADO) VALUES ('Estadio de Wembley', 'HA9 0_W_S', 'ESPORTE', '50', 'Um dos estadios mais famosos do mundo',  'Londres', 'South Way', '200', 'Inglaterra', 'Futebol');
INSERT INTO PONTO_TURISTICO (NOME, CODIGO_POSTAL, TIPO, PRECO, DESCRICAO, CIDADE, LOGRADOURO, NUMERO, PAIS, ID_CLUBE) VALUES ('Allianz Arena', '80939', 'CLUBE', '70', 'Um dos estadios mais bonitos do mundo',  'Munique', 'Werner-Heisenberg-Allee', '25', 'Alemanha', '3');
INSERT INTO PONTO_TURISTICO (NOME, CODIGO_POSTAL, TIPO, PRECO, DESCRICAO, CIDADE, LOGRADOURO, NUMERO, PAIS, NOME_ESPORTERELACIONADO,BAIRRO) VALUES ('Rucker Park', '10039', 'ESPORTE', '30', 'Quadra de rua lendária para o basquete nos EUA, onde jogaram nomes como Kobe e Durant',  'Nova Iorque', 'Harlem River Drive', '2', 'EUA', 'Basquetebol','Harlem');

INSERT INTO TREINADORES_TIME (CPF, NOME, ID_TIME) VALUES ('36589765632', 'Hernan Crespo', '1');
INSERT INTO TREINADORES_TIME (CPF, NOME, ID_TIME) VALUES ('45585565625', 'Jurgen Klopp', '2');

INSERT INTO ATLETA_TIME (CPF, NOME, ID_TIME, NASCIMENTO, ALTURA, PESO) VALUES ('58796585635', 'Daniel Alves', '1', TO_DATE('1983-05-06', 'YYYY-MM-DD'), '1.72', '70.0');
INSERT INTO ATLETA_TIME (CPF, NOME, ID_TIME, NASCIMENTO, ALTURA, PESO) VALUES ('43786587775', 'Roberto Firmino', '2', TO_DATE('1991-10-02', 'YYYY-MM-DD'), '1.81', '76.0');
INSERT INTO ATLETA_TIME (CPF, NOME, ID_TIME, NASCIMENTO, ALTURA, PESO) VALUES ('58796585637', 'Georginho de Paula', '3', TO_DATE('1996-05-24', 'YYYY-MM-DD'), '1.97', '96.0');
INSERT INTO ATLETA_TIME (CPF, NOME, ID_TIME, NASCIMENTO, ALTURA, PESO) VALUES ('58796585633', 'Tiago Volpi', '1', TO_DATE('1990-12-19', 'YYYY-MM-DD'), '1.88', '85.0');

INSERT INTO USUARIO_ACOMPANHA_ESPORTE (USUARIO, ESPORTE) VALUES ('LeoF', 'Futebol');
INSERT INTO USUARIO_ACOMPANHA_ESPORTE (USUARIO, ESPORTE) VALUES ('LeoF', 'Basquetebol');
INSERT INTO USUARIO_ACOMPANHA_ESPORTE (USUARIO, ESPORTE) VALUES ('Cleiton', 'Futebol');

INSERT INTO USUARIO_TORCE (USUARIO, ID_TIME) VALUES ('LeoF', '1');
INSERT INTO USUARIO_TORCE (USUARIO, ID_TIME) VALUES ('Cleiton', '2');

INSERT INTO ROTEIROPONTO_TURISTICO (AUTOR_ROTEIRO, NOME_ROTEIRO, NOME_PONTO, CODIGO_POSTALPONTO, QTD_INGRESSOS) VALUES ('LeoF', 'Roteiro 1', 'Allianz Arena', '80939', '1');
INSERT INTO ROTEIROPONTO_TURISTICO (AUTOR_ROTEIRO, NOME_ROTEIRO, NOME_PONTO, CODIGO_POSTALPONTO, QTD_INGRESSOS) VALUES ('LeoF', 'Roteiro 1', 'Estadio de Wembley', 'HA9 0_W_S', '2');



INSERT INTO ROTEIRO_TRANSPORTE (AUTOR_ROTEIRO, NOME_ROTEIRO, NOME_EMPRESA_TRANSPORTE, CODIGO_POSTALORIGEM, CODIGO_POSTALDESTINO, QTD_INGRESSOS) VALUES ('LeoF', 'Roteiro 1', 'American Airlines', '97301', 'DL11 3_X_R', '1');
INSERT INTO ROTEIRO_TRANSPORTE (AUTOR_ROTEIRO, NOME_ROTEIRO, NOME_EMPRESA_TRANSPORTE, CODIGO_POSTALORIGEM, CODIGO_POSTALDESTINO, QTD_INGRESSOS) VALUES ('LeoF', 'Roteiro 2', 'American Airlines', '97301', 'DL11 3_X_R', '1');

INSERT INTO ROTEIRO_PARTIDA (AUTOR_ROTEIRO, NOME_ROTEIRO, PARTIDA, QTD_INGRESSOS) VALUES ('LeoF', 'Roteiro 1', '1', '1');
INSERT INTO ROTEIRO_PARTIDA (AUTOR_ROTEIRO, NOME_ROTEIRO, PARTIDA, QTD_INGRESSOS) VALUES ('LeoF', 'Roteiro 1', '2', '3');
INSERT INTO ROTEIRO_PARTIDA (AUTOR_ROTEIRO, NOME_ROTEIRO, PARTIDA, QTD_INGRESSOS) VALUES ('LeoF', 'Roteiro 1', '5', '3');

INSERT INTO ROTEIRO_PARTIDA (AUTOR_ROTEIRO, NOME_ROTEIRO, PARTIDA, QTD_INGRESSOS) VALUES ('LeoF', 'Roteiro 2', '5', '1');
INSERT INTO ROTEIRO_PARTIDA (AUTOR_ROTEIRO, NOME_ROTEIRO, PARTIDA, QTD_INGRESSOS) VALUES ('LeoF', 'Roteiro 2', '6', '1');

INSERT INTO ROTEIRO_HOSPEDAGEM (AUTOR_ROTEIRO, NOME_ROTEIRO, NOME_HOSPEDAGEM, CODIGO_POSTAL, QTD_INGRESSOS) VALUES ('LeoF', 'Roteiro 1', 'Gate Hotel', '97301', '1');
INSERT INTO ROTEIRO_HOSPEDAGEM (AUTOR_ROTEIRO, NOME_ROTEIRO, NOME_HOSPEDAGEM, CODIGO_POSTAL, QTD_INGRESSOS) VALUES ('LeoF', 'Roteiro 2', 'Gate Hotel', '97301', '1');

COMMIT;
